date,open,high,low,close,volume
2023-11-21 00:00:00+08:00,78.81729804290802,79.19261994151296,77.50367497712558,77.59750366210938,9714755
2023-11-22 00:00:00+08:00,77.69134201390312,77.69134201390312,76.09622568300377,76.56537628173828,8545366
2023-11-23 00:00:00+08:00,77.03453063964844,78.34815381194203,76.47155132542844,77.03453063964844,6596553
2023-11-24 00:00:00+08:00,77.40985121463704,77.40985121463704,75.8147419924702,76.47154998779297,5098130
2023-11-27 00:00:00+08:00,76.4715510464073,77.22219490174201,75.62707849882334,75.81474304199219,5549117
2023-11-28 00:00:00+08:00,76.19005281824327,78.16049101970619,76.09622413214262,77.87899780273438,7554983
2023-11-29 00:00:00+08:00,77.87900427217969,78.72347683457596,76.37772369384766,76.37772369384766,10416664
2023-11-30 00:00:00+08:00,76.56537943628828,77.78517390672245,75.8147427425883,77.69134521484375,11592426
2023-12-01 00:00:00+08:00,77.87900259860116,77.87900259860116,76.56537943628828,77.69134521484375,6491324
2023-12-04 00:00:00+08:00,78.2543224328121,79.56794556000787,77.87900051666044,79.00495910644531,9860406
2023-12-05 00:00:00+08:00,78.62964689023511,79.4741122805314,77.2221950281808,77.97283172607422,9889613
2023-12-06 00:00:00+08:00,78.53580914401702,81.25688411006058,78.25432307360091,81.16305541992188,13770271
2023-12-07 00:00:00+08:00,79.66177503306525,80.78773363392693,79.5679463427718,80.2247543334961,8299610
2023-12-08 00:00:00+08:00,80.97539551166278,81.44454610638003,78.06665609747996,78.16049194335938,13193714
2023-12-11 00:00:00+08:00,76.1900555949357,78.53580862629049,76.09622690541553,78.06665802001953,7993367
2023-12-12 00:00:00+08:00,78.3481504491706,80.69390345663079,78.3481504491706,80.6000747680664,14454030
2023-12-13 00:00:00+08:00,81.25688372601628,83.97795867919922,80.88156180856515,83.97795867919922,21147031
2023-12-14 00:00:00+08:00,86.32371121166861,89.70159413169553,86.22988252252038,87.73116302490234,36788968
2023-12-15 00:00:00+08:00,88.57564017493108,89.13861949792069,83.5088119506836,83.5088119506836,21729997
2023-12-18 00:00:00+08:00,83.50880315081481,83.50880315081481,80.03709172599041,80.13092041015625,16885231
2023-12-19 00:00:00+08:00,80.41241092301146,81.91369858761813,78.81730172770455,79.00495910644531,14311295
2023-12-20 00:00:00+08:00,80.22474909432209,80.88155704215275,79.56794114649144,80.13092041015625,9325262
2023-12-21 00:00:00+08:00,79.3802767667227,79.47410545106258,78.06665370995519,78.25431823730469,10290688
2023-12-22 00:00:00+08:00,79.09879358616058,80.03709478097308,77.78517048168911,78.44197845458984,9368357
2023-12-25 00:00:00+08:00,78.81730277238492,78.81730277238492,77.78517285829011,78.34815216064453,7686161
2023-12-26 00:00:00+08:00,78.62964298875434,79.00495773974333,77.9728278571836,78.44197845458984,8251082
2023-12-27 00:00:00+08:00,79.2864483876338,80.69390013415983,78.62964043605622,80.41240692138672,9759302
2023-12-28 00:00:00+08:00,80.69390357469928,82.1951840699364,79.66177368164062,79.66177368164062,9439551
2023-12-29 00:00:00+08:00,80.03709559511742,80.22475297252079,79.19262307946214,79.66177368164062,4762362
2024-01-02 00:00:00+08:00,79.84942875240328,80.31857934102923,78.81729888916016,78.81729888916016,8569489
2024-01-03 00:00:00+08:00,78.44198085125856,78.72347408177089,77.31602224654972,78.34815216064453,8079314
2024-01-04 00:00:00+08:00,78.34815365435611,78.91113296744375,76.37772247921416,77.97283172607422,13321750
2024-01-05 00:00:00+08:00,78.4419794903625,78.62964402700499,77.22219221620182,77.78517150878906,6869406
2024-01-08 00:00:00+08:00,78.34814998866342,78.44197867667633,75.62707508426925,76.56537628173828,13169985
2024-01-09 00:00:00+08:00,77.31602387609362,77.69134580513041,76.47155132542844,77.03453063964844,7384005
2024-01-10 00:00:00+08:00,76.9407015125414,77.31602343945859,75.62707834766638,76.75304412841797,7831649
2024-01-11 00:00:00+08:00,76.75303973417986,76.84686842086973,72.90599915186594,73.18749237060547,29379426
2024-01-12 00:00:00+08:00,72.24919288371238,72.53068610906502,70.37259047114843,70.9355697631836,37948426
2024-01-15 00:00:00+08:00,71.78004719816612,73.1874991040125,70.93557462292416,72.906005859375,14876581
2024-01-16 00:00:00+08:00,73.375151110044,74.12579493487787,72.81217182075362,73.75047302246094,16569728
2024-01-17 00:00:00+08:00,74.2196252556519,74.59494717632342,72.2491941204642,72.43685150146484,16353414
2024-01-18 00:00:00+08:00,74.21962113243576,75.53324420247361,73.84429923261497,74.78260040283203,20479823
2024-01-19 00:00:00+08:00,77.31601964993918,77.78517024592344,75.3455885785393,76.28388977050781,19963608
2024-01-22 00:00:00+08:00,77.12835902566432,79.00496150471865,77.03453033344567,78.9111328125,19693426
2024-01-23 00:00:00+08:00,79.38028374779041,79.38028374779041,77.03453063964844,77.03453063964844,10888021
2024-01-24 00:00:00+08:00,77.12835933224004,78.06666057549683,76.65920871061165,77.03453063964844,7434635
2024-01-25 00:00:00+08:00,77.40985016128467,78.25432268568726,77.12835693359375,77.12835693359375,8157644
2024-01-26 00:00:00+08:00,76.94069899057314,77.97282888676145,75.43941849078378,77.78517150878906,8574580
2024-01-29 00:00:00+08:00,77.7851737586283,78.62964630126953,77.1283585993872,78.62964630126953,5755766
2024-01-30 00:00:00+08:00,79.0049562611426,79.0049562611426,78.3481483005342,78.81729888916016,6677375
2024-01-31 00:00:00+08:00,79.09879210580368,79.1926207917949,78.53580567251664,78.81729888916016,6095849
2024-02-01 00:00:00+08:00,78.62964067294044,78.81729804290802,77.31601760715802,77.59750366210938,6438808
2024-02-02 00:00:00+08:00,77.97282945799634,78.44198006503443,76.65920632655566,77.12835693359375,5005515
2024-02-05 00:00:00+08:00,77.12835693359375,77.59750754063184,76.2838915678613,77.12835693359375,6669790
2024-02-15 00:00:00+08:00,78.16048940799456,80.88155704215275,77.8789961968273,80.13092041015625,23808357
2024-02-16 00:00:00+08:00,82.19518859105236,85.1039210528187,81.53838057534304,84.44711303710938,29591247
2024-02-19 00:00:00+08:00,83.79029668129188,84.25944726257869,81.91369435614465,82.28900909423828,12776752
2024-02-20 00:00:00+08:00,82.10135650634766,82.75816449493037,80.88156206049956,82.10135650634766,9837016
2024-02-21 00:00:00+08:00,82.19518519633516,82.47667842496786,81.44454851776494,82.10135650634766,6455045
2024-02-22 00:00:00+08:00,84.44710879402365,87.73116302490234,83.3211502069047,87.73116302490234,33552943
2024-02-23 00:00:00+08:00,89.60775855478026,93.64245630605494,87.91881364525375,88.9509506225586,55760594
2024-02-26 00:00:00+08:00,88.2003141435165,88.2003141435165,83.79030129980873,83.97795867919922,26031169
2024-02-27 00:00:00+08:00,83.97795867919922,85.38541050063832,82.75816423715061,83.97795867919922,14167716
2024-02-29 00:00:00+08:00,83.22731588386097,84.44711034114562,82.19518596698101,83.32115173339844,13669136
2024-03-01 00:00:00+08:00,84.91625989349195,86.60520494268692,83.6026367617481,83.97795867919922,13942492
2024-03-04 00:00:00+08:00,86.69903650406073,90.73372756395595,85.5730707144127,90.07691955566406,25094014
2024-03-05 00:00:00+08:00,91.10904784467586,91.6720271499742,88.38797285061854,91.39054107666016,26944241
2024-03-06 00:00:00+08:00,89.79542488357457,99.92908103511019,88.57563757928712,99.45993041992188,38735065
2024-03-07 00:00:00+08:00,103.68228814120968,109.31209564208984,101.8056856409163,109.31209564208984,54947796
2024-03-08 00:00:00+08:00,112.59614686708193,115.41105053875897,101.80568279231991,104.15143585205078,71303674
2024-03-11 00:00:00+08:00,104.62058688976147,105.0897375036169,99.92908075120715,101.33653259277344,21052195
2024-03-12 00:00:00+08:00,100.39822743036976,104.62058278959091,99.92907683490074,102.74398040771484,14298714
2024-03-13 00:00:00+08:00,102.2748299172397,103.21313110914099,98.99077574558522,101.80567932128906,20709233
2024-03-14 00:00:00+08:00,99.45992676949386,100.8673785634018,97.11417377964732,98.05247497558594,14537731
2024-03-15 00:00:00+08:00,97.11417346333349,101.3365288313045,96.17587227045104,100.86737823486328,16122119
2024-03-18 00:00:00+08:00,103.6822852401046,105.08973707594313,101.33653218037374,104.15143585205078,39270284
2024-03-19 00:00:00+08:00,103.21313490561388,104.15143613202856,101.33653245278455,102.27483367919922,22662175
2024-03-20 00:00:00+08:00,103.2131312170694,107.90463718148166,100.39822763842206,100.86737823486328,33148794
2024-03-21 00:00:00+08:00,101.33652872533843,102.2748299172397,98.52162514963457,101.80567932128906,19867249
2024-03-22 00:00:00+08:00,105.08973338505993,108.84293814881207,102.27482981224583,102.74398040771484,44651559
2024-03-25 00:00:00+08:00,103.68228170509163,105.55888408889419,101.80567932128906,101.80567932128906,18728581
2024-03-26 00:00:00+08:00,101.80567964671347,102.27483024416377,97.58332426966085,98.99077606201172,13516909
2024-03-27 00:00:00+08:00,99.92908103511019,100.86738226548681,98.99077980473356,99.45993041992188,9088577
2024-03-28 00:00:00+08:00,99.92908103511019,101.33653288067512,98.05247857435694,99.45993041992188,10252245
2024-03-29 00:00:00+08:00,100.39823179699125,100.39823179699125,98.05247871762231,98.5216293334961,3674000
2024-04-01 00:00:00+08:00,98.99077243249394,99.45992301274272,96.17586895100122,96.64501953125,9539415
2024-04-02 00:00:00+08:00,97.11417720473816,101.33653273537895,97.11417720473816,100.39823150634766,11920113
2024-04-03 00:00:00+08:00,101.33652893926056,101.33652893926056,98.99077595455546,99.9290771484375,9369734
2024-04-08 00:00:00+08:00,100.39822774537852,102.74398073008362,98.52162535761444,99.9290771484375,9847665
2024-04-09 00:00:00+08:00,98.99077595455546,101.80567953620158,98.52162535761444,99.9290771484375,13580348
2024-04-10 00:00:00+08:00,100.3982316502985,102.27483411105175,99.45993041992188,99.45993041992188,12382045
2024-04-11 00:00:00+08:00,99.45993041992188,100.86738226548681,97.11417734398033,99.45993041992188,11822179
2024-04-12 00:00:00+08:00,99.92908089183202,102.74398457892588,99.92908089183202,100.39823150634766,11267282
2024-04-15 00:00:00+08:00,99.45992676949386,99.45992676949386,97.58332437761662,98.05247497558594,13443550
2024-04-16 00:00:00+08:00,97.11417729795151,97.11417729795151,92.51649983955116,93.54862976074219,20578499
2024-04-17 00:00:00+08:00,93.83011980754573,97.11417400080983,93.83011980754573,96.17587280273438,9317885
2024-04-18 00:00:00+08:00,94.76841728360046,96.64501960604798,93.83011612237668,95.70671844482422,7823300
2024-04-19 00:00:00+08:00,93.83011634903725,95.23756809427282,89.79541848256075,92.89181518554688,20929173
2024-04-22 00:00:00+08:00,92.23501528348666,92.32884397628973,89.51394024017523,90.07691955566406,12672551
2024-04-23 00:00:00+08:00,91.10904308706284,91.85968689404304,84.35327745892074,86.6052017211914,26714427
2024-04-24 00:00:00+08:00,88.95095855827927,91.39054029960968,88.76329401899527,90.17074584960938,14862986
2024-04-25 00:00:00+08:00,89.1386145946243,90.5460664040131,87.2620121821059,89.6077651977539,12566469
2024-04-26 00:00:00+08:00,89.6077651977539,89.6077651977539,89.6077651977539,89.6077651977539,0
2024-04-29 00:00:00+08:00,97.58332351694871,98.52162470461167,91.95351639097089,92.79798889160156,50386383
2024-04-30 00:00:00+08:00,93.83012158132655,94.76842279713982,89.70159480001415,89.8892593383789,23870235
2024-05-02 00:00:00+08:00,88.76329132485142,89.13861323335745,87.54350407054432,89.04478454589844,11757268
2024-05-03 00:00:00+08:00,90.5460666513698,90.5460666513698,87.54350564660588,87.73116302490234,9443239
2024-05-06 00:00:00+08:00,85.29157815923936,85.38540684491738,79.09879184178152,81.6322021484375,55824823
2024-05-07 00:00:00+08:00,81.81986327771497,83.50880833217076,80.97539790915725,82.10135650634766,24860548
2024-05-08 00:00:00+08:00,81.91369673853595,83.03965530290395,81.06922423592496,82.19518280029297,14078592
2024-05-09 00:00:00+08:00,82.28901028781307,82.66433219002039,79.75559997558594,79.75559997558594,20433301
2024-05-10 00:00:00+08:00,80.1309217886619,81.4445448655914,79.3802779850822,80.69390106201172,15723370
2024-05-13 00:00:00+08:00,81.63220083281897,81.63220083281897,79.28644793532418,80.13092041015625,13459675
2024-05-14 00:00:00+08:00,80.13092280317888,80.6000733966885,79.38027899009549,80.03709411621094,8684663
2024-05-15 00:00:00+08:00,80.60007638940671,81.06922700033611,79.28645324707031,79.28645324707031,12216758
2024-05-16 00:00:00+08:00,79.84943317565538,82.00752886635023,79.84943317565538,81.44454956054688,16243778
2024-05-17 00:00:00+08:00,82.19518596698101,84.35328165027839,81.91369989437933,83.32115173339844,27139055
2024-05-20 00:00:00+08:00,85.10391589043304,85.9483884013127,83.32114933917269,83.41497802734375,26264929
2024-05-21 00:00:00+08:00,83.97795337106564,85.66689831350467,83.69646016110256,84.82242584228516,12794339
2024-05-22 00:00:00+08:00,85.66690267496615,86.22988196488492,84.16561502362269,84.634765625,14384584
2024-05-23 00:00:00+08:00,85.7607316046064,86.32371089610788,82.57050607453797,82.75816345214844,18870119
2024-05-24 00:00:00+08:00,82.75815914292475,83.69646029945982,81.72602930247012,82.9458236694336,8275699
2024-05-27 00:00:00+08:00,83.88412840533621,85.47923757604185,83.69646387081966,85.29158020019531,12263169
2024-05-28 00:00:00+08:00,85.8545649210612,85.8545649210612,84.35328434324668,84.44711303710938,11614586
2024-05-29 00:00:00+08:00,85.38541321962984,86.13605707843539,84.91626259754396,85.10391998291016,18346220
2024-05-30 00:00:00+08:00,84.63476131608654,86.0422130485625,84.0717820548301,84.82242584228516,13651913
2024-05-31 00:00:00+08:00,84.91625908801916,85.19775231310494,82.75816345214844,82.75816345214844,23691591
2024-06-03 00:00:00+08:00,84.54094066814118,86.79286508588747,84.0717900460553,85.10391998291016,23956639
2024-06-04 00:00:00+08:00,85.01008605957031,86.69903105862711,84.82242868575064,85.01008605957031,18304228
2024-06-05 00:00:00+08:00,85.85456017137741,85.94838886004928,83.69646453857422,83.69646453857422,14303184
2024-06-06 00:00:00+08:00,84.54093270141709,84.91625459545136,83.13348096779082,83.88412475585938,11733297
2024-06-07 00:00:00+08:00,84.16561469138232,84.25945053822342,83.13348480416052,83.41497802734375,10666834
2024-06-11 00:00:00+08:00,82.94582374034505,83.41497431901365,80.13092026833336,82.00752258300781,21868708
2024-06-12 00:00:00+08:00,82.38284493743146,83.13348157228849,82.00752304066805,82.28900909423828,9376712
2024-06-13 00:00:00+08:00,83.60263883029819,90.35841203556359,82.75816628480622,88.85712432861328,39987403
2024-06-14 00:00:00+08:00,89.04478444149429,91.85968801398408,88.29414062536236,89.98308563232422,39784053
2024-06-17 00:00:00+08:00,93.83012014417793,98.05247555066593,92.51649703042541,93.36096954345703,54386874
2024-06-18 00:00:00+08:00,95.70672198573938,98.52162557355524,94.76842078980076,98.05247497558594,44197371
2024-06-19 00:00:00+08:00,98.52162877354053,103.68228551882123,96.64502632071118,102.27483367919922,57075558
2024-06-20 00:00:00+08:00,103.6822851044791,107.90464060647147,102.27483327048165,105.08973693847656,47282761
2024-06-21 00:00:00+08:00,102.74398388181413,106.02803816114152,99.92908021381923,105.08973693847656,38574537
2024-06-24 00:00:00+08:00,106.49718836908755,114.47274873153023,106.49718836908755,107.9046401977539,82242451
2024-06-25 00:00:00+08:00,106.96633495574302,110.71953969103225,102.27482903663149,110.2503890991211,46989965
2024-06-26 00:00:00+08:00,111.18868640317756,115.41104158304506,109.78123467655506,110.71953582763672,57612754
2024-06-27 00:00:00+08:00,109.78123455047607,112.59613800048828,108.37378282546997,112.59613800048828,24848215
2024-06-28 00:00:00+08:00,112.12698748933167,113.53443921513917,110.71953576352415,111.6578369140625,23980631
2024-07-01 00:00:00+08:00,111.18869814238323,112.59615001760328,107.90464376686981,109.31209564208984,29088891
2024-07-02 00:00:00+08:00,109.3120885258833,109.3120885258833,101.3365284188446,104.6205825805664,56341438
2024-07-03 00:00:00+08:00,106.49718436383186,110.71953969103225,106.02803377192072,110.2503890991211,40044684
2024-07-04 00:00:00+08:00,112.12699127197266,114.00359363635714,109.78123831649205,112.12699127197266,33805385
2024-07-05 00:00:00+08:00,112.59614550377712,113.5344467163086,110.25039247244844,113.5344467163086,16098027
2024-07-08 00:00:00+08:00,114.00359594015251,124.79405975341797,111.65784293726871,124.79405975341797,44284174
2024-07-09 00:00:00+08:00,128.07811809583308,130.42387117451133,122.9174613227409,123.38661193847656,85996895
2024-07-10 00:00:00+08:00,122.91745712845413,128.54726432517722,121.97915592900029,126.67066192626953,35612989
2024-07-11 00:00:00+08:00,128.0781141965444,128.0781141965444,121.97915637766133,122.9174575805664,28407194
2024-07-12 00:00:00+08:00,119.16424937528723,121.04085172765394,116.81849643482882,119.6333999633789,35131090
2024-07-15 00:00:00+08:00,120.10255046206225,122.4483034007744,116.34934576012282,120.57170104980469,26405760
2024-07-16 00:00:00+08:00,121.72641961149466,127.01887263808139,120.76415542484254,124.132080078125,38089090
2024-07-17 00:00:00+08:00,124.61321090997434,125.09434299842984,115.47170122931985,122.68868255615234,48150662
2024-07-18 00:00:00+08:00,114.99056965162775,119.32075846696101,111.62264501747966,114.50943756103516,39528184
2024-07-19 00:00:00+08:00,114.50943797602315,118.358494714713,114.02830588368691,114.99057006835938,27631954
2024-07-22 00:00:00+08:00,115.47170366559709,115.47170366559709,106.33019379207066,107.77359008789062,35134185
2024-07-23 00:00:00+08:00,111.1415151977539,111.1415151977539,106.8113262939453,108.25472259521484,22625373
2024-07-26 00:00:00+08:00,100.07547376782114,106.81132296373218,98.15094542613227,104.4056625366211,27758797
2024-07-29 00:00:00+08:00,105.84905615350081,106.81132030035081,101.03773541925078,101.51886749267578,22345601
2024-07-30 00:00:00+08:00,100.07547211982835,103.44339666232257,99.11320796483,102.48113250732422,18011206
2024-07-31 00:00:00+08:00,101.0377426147461,103.9245352608817,100.55661050705683,101.0377426147461,14659620
2024-08-01 00:00:00+08:00,105.84906248919732,110.66038351143357,104.40566618252645,108.73585510253906,38282504
2024-08-02 00:00:00+08:00,102.96226980605563,104.40566611174799,98.63208088897852,99.59434509277344,28228770
2024-08-05 00:00:00+08:00,91.22265056294361,93.8207610081093,89.68302194500048,90.16415405273438,31848734
2024-08-06 00:00:00+08:00,93.82075803124965,94.78302221618556,85.73773740948953,93.72453308105469,30989026
2024-08-07 00:00:00+08:00,94.30189119664634,102.96226895960366,92.9547198541099,98.632080078125,46522316
2024-08-08 00:00:00+08:00,96.22642037949124,102.00000560226071,94.87924902587972,99.59434509277344,24822003
2024-08-09 00:00:00+08:00,108.73585550585507,109.21698760986328,104.40566656978119,109.21698760986328,32086961
2024-08-12 00:00:00+08:00,108.25471998770026,115.95283340904783,107.29245581003181,114.02830505371094,61495610
2024-08-13 00:00:00+08:00,114.02830378214519,114.99056794908311,110.66037919786241,112.58490753173828,21879936
2024-08-14 00:00:00+08:00,114.50943797602315,119.32075889938547,112.10377751434199,114.99057006835938,45576762
2024-08-15 00:00:00+08:00,115.95283383281291,117.39623010459067,113.54717337985,114.50943756103516,19590089
2024-08-16 00:00:00+08:00,117.87736470582055,120.76415731086105,116.91510050414038,117.39623260498047,31558527
2024-08-19 00:00:00+08:00,117.3962262728919,119.3207545724475,115.9528300482252,118.8396224975586,13785915
2024-08-20 00:00:00+08:00,119.32076100834081,120.28302521002098,115.95283630246021,117.39623260498047,19678536
2024-08-21 00:00:00+08:00,115.95283466974894,116.91509885787964,113.5471741994222,115.4717025756836,15585023
2024-08-22 00:00:00+08:00,116.43396676381428,117.39623095194499,114.50943838755289,115.4717025756836,10225634
2024-08-23 00:00:00+08:00,114.0283086823254,118.3584976196289,112.5849123698909,118.3584976196289,12837326
2024-08-26 00:00:00+08:00,119.80189227269702,119.80189227269702,115.47170339537061,116.43396759033203,17578899
2024-08-27 00:00:00+08:00,115.47170216069561,116.43396634536808,114.02830588368691,114.99057006835938,11373201
2024-08-28 00:00:00+08:00,115.4717029872277,118.35849556190838,114.50943879566746,115.95283508300781,13922584
2024-08-29 00:00:00+08:00,112.584910412547,116.91509927456804,112.10377831676689,115.95283508300781,12966168
2024-08-30 00:00:00+08:00,116.43396759033203,116.91509968781274,114.9905712978899,116.43396759033203,8619983
2024-09-02 00:00:00+08:00,117.39623178529345,117.87736388277418,115.47170339537061,116.43396759033203,5247928
2024-09-03 00:00:00+08:00,117.3962292428744,117.3962292428744,112.58490837226479,113.54717254638672,12798536
2024-09-04 00:00:00+08:00,105.36792425297234,113.54716951461859,103.4433959561144,110.17924499511719,21691535
2024-09-05 00:00:00+08:00,111.1415147781372,112.58491107395717,107.29245798928397,107.77359008789062,11372941
2024-09-06 00:00:00+08:00,108.25472177411409,108.25472177411409,105.84906129024489,107.2924575805664,7654337
2024-09-09 00:00:00+08:00,103.92453408030282,108.73585510253906,103.4434019780792,108.73585510253906,9008401
2024-09-10 00:00:00+08:00,109.69811721732714,110.66038140344403,104.40566419368416,106.33019256591797,9568629
2024-09-11 00:00:00+08:00,107.29245839436848,108.25472259521484,105.84906209309895,108.25472259521484,5674568
2024-09-12 00:00:00+08:00,112.10377628520384,115.47170089463056,109.21698376283807,113.54717254638672,20567588
2024-09-13 00:00:00+08:00,113.54716995902683,114.0283020351244,110.17924542634383,110.6603775024414,10650772
2024-09-16 00:00:00+08:00,112.10377329197513,112.10377329197513,109.6981129209027,110.17924499511719,5899172
2024-09-18 00:00:00+08:00,109.69811678799717,109.69811678799717,105.84906005859375,105.84906005859375,13296841
2024-09-19 00:00:00+08:00,106.81132465897642,108.73585303121023,104.88679628674261,106.33019256591797,15438212
2024-09-20 00:00:00+08:00,107.77358842329546,110.66038097034802,105.84906005859375,105.84906005859375,28579202
2024-09-23 00:00:00+08:00,105.84905749169465,106.33018957120235,102.96226501464844,102.96226501464844,17968624
2024-09-24 00:00:00+08:00,103.44339709415614,104.40566125317154,101.03773669661763,102.96226501464844,16557664
2024-09-25 00:00:00+08:00,105.36792999267577,112.10377939860025,105.36792999267577,108.25472259521484,34150070
2024-09-26 00:00:00+08:00,108.73585469563801,111.62264729817707,107.77359049479166,108.25472259521484,19133969
2024-09-27 00:00:00+08:00,109.69811544215425,114.99056838015292,108.25471918633643,113.0660400390625,32103156
2024-09-30 00:00:00+08:00,112.58491149902343,112.58491149902343,108.25472259521484,108.25472259521484,17926344
2024-10-01 00:00:00+08:00,109.69811848231724,111.1415147781372,105.84906169346401,107.77359008789062,13592790
2024-10-04 00:00:00+08:00,107.2924550491544,108.25471921999883,102.96226628035444,104.4056625366211,15349189
2024-10-07 00:00:00+08:00,106.33019338701872,109.21698596766177,105.84906129024489,107.2924575805664,15770489
2024-10-08 00:00:00+08:00,107.29245919383044,109.69811971387149,105.84906288180582,109.21698760986328,12582045
2024-10-09 00:00:00+08:00,113.54717049349742,119.80188751220703,110.66037802332376,119.80188751220703,71211245
2024-10-11 00:00:00+08:00,122.20754877219636,124.13207709931757,118.83962419973426,120.76415252685547,68431119
2024-10-14 00:00:00+08:00,120.28302252292633,123.16981506347656,118.35849416255951,123.16981506347656,31318731
2024-10-15 00:00:00+08:00,124.13207924365997,125.57547551393509,121.72641879320145,123.16981506347656,26510762
2024-10-16 00:00:00+08:00,121.24528383405021,130.38679332947464,120.28301967663711,128.46226501464844,53177845
2024-10-17 00:00:00+08:00,129.90566211119017,132.31132252065666,127.98113378361698,129.42453002929688,43550563
2024-10-18 00:00:00+08:00,130.86792805989583,131.34906014835133,120.28302211387485,122.68868255615234,51582139
2024-10-21 00:00:00+08:00,124.13208170883529,128.94340270530176,123.65094960918863,126.05661010742188,33663177
2024-10-22 00:00:00+08:00,126.5377461489509,131.83019940993364,126.5377461489509,130.86793518066406,39981313
2024-10-23 00:00:00+08:00,130.86792627497675,132.31132252065666,129.42453002929688,129.42453002929688,21902197
2024-10-24 00:00:00+08:00,131.83019444392278,131.83019444392278,124.61321299626277,125.09434509277344,18522420
2024-10-25 00:00:00+08:00,124.61321340392833,126.53774179626699,124.61321340392833,125.57547760009766,16649762
2024-10-28 00:00:00+08:00,127.01887221280703,128.94340057966772,122.20755129565525,123.65094757080078,13076478
2024-10-29 00:00:00+08:00,122.20754877219636,122.68868085397666,119.32075628151456,120.76415252685547,14726709
2024-10-30 00:00:00+08:00,120.76415252685547,121.72641669041606,117.39622795439335,120.76415252685547,19153809
2024-11-01 00:00:00+08:00,116.43396540623085,122.68868255615234,115.95283331777534,122.68868255615234,10330542
2024-11-04 00:00:00+08:00,123.1698154790856,124.61321175423113,120.28302292879454,123.65094757080078,11076104
2024-11-05 00:00:00+08:00,121.72642041719877,127.0188734788161,121.72642041719877,125.09434509277344,10079133
2024-11-06 00:00:00+08:00,126.53774690279995,135.19812501782047,126.0566147852988,131.8302001953125,41314829
2024-11-07 00:00:00+08:00,131.8301866929308,137.60377151159932,129.9056584200413,133.7547149658203,34622257
2024-11-08 00:00:00+08:00,135.19811929682248,136.16038349110593,132.7924588111139,134.23585510253906,19204213
2024-11-11 00:00:00+08:00,130.86792540818118,131.34905748688772,124.61320838499604,128.46226501464844,44645146
2024-11-12 00:00:00+08:00,126.53774138230544,128.4622697683481,123.65094880324143,125.09434509277344,20316259
2024-11-13 00:00:00+08:00,125.09434384594631,126.53774012109184,123.1698154790856,123.65094757080078,18836681
2024-11-14 00:00:00+08:00,124.13207753499348,126.05660586886935,119.32075670030382,121.24528503417969,21773708
2024-11-15 00:00:00+08:00,121.24528331141319,122.20754746467837,118.35849085161763,119.32075500488281,12586204
2024-11-18 00:00:00+08:00,119.32076059349279,120.76415689099473,114.990571700987,116.91510009765625,15651494
2024-11-19 00:00:00+08:00,119.32075752798967,123.16981422244095,119.32075752798967,122.20755004882812,18749681
2024-11-20 00:00:00+08:00,121.7264175415039,121.7264175415039,121.7264175415039,121.7264175415039,17399133
2024-11-21 00:00:00+08:00,121.24528545635962,122.68868171179248,119.80188920092678,121.7264175415039,8678311
2024-11-22 00:00:00+08:00,124.61321299626277,125.5754771892841,122.68868461022011,125.09434509277344,24142761
2024-11-25 00:00:00+08:00,126.0566076040268,127.50000387430191,122.20755088329315,123.16981506347656,23915176
2024-11-26 00:00:00+08:00,122.20754877219636,122.68868085397666,120.28302044507517,120.76415252685547,9889252
2024-11-27 00:00:00+08:00,120.76415814035306,121.72642234864273,118.3584976196289,118.3584976196289,9835592
2024-11-28 00:00:00+08:00,118.8396224975586,119.8018866473364,116.43396212311409,118.8396224975586,10567137
2024-11-29 00:00:00+08:00,117.39622877520536,122.2075496266482,116.91509669006108,121.7264175415039,8183581
2024-12-02 00:00:00+08:00,123.16981422244095,123.16981422244095,121.2452858752153,122.20755004882812,7729704
2024-12-03 00:00:00+08:00,124.61321090997434,125.57547508688533,122.20755046769685,122.68868255615234,13200470
2024-12-04 00:00:00+08:00,122.6886812845866,123.65094545152452,120.28302086724176,121.24528503417969,16049129
2024-12-05 00:00:00+08:00,121.24528545635962,124.13207796722533,121.24528545635962,121.7264175415039,16572982
2024-12-06 00:00:00+08:00,121.72641669041606,124.61320918109787,120.76415252685547,120.76415252685547,23533688
2024-12-09 00:00:00+08:00,121.24528856513915,121.72642066261986,115.95283549285132,116.43396759033203,19915086
2024-12-10 00:00:00+08:00,115.95283255069813,116.91509672124334,113.0660400390625,113.0660400390625,19797244
2024-12-11 00:00:00+08:00,112.10377544826932,113.54717169867622,110.17924711439345,112.58490753173828,18620492
2024-12-12 00:00:00+08:00,113.54717083635,114.02830291616505,111.62264251708984,111.62264251708984,12078335
2024-12-13 00:00:00+08:00,112.58490919866482,115.47170174222033,112.10377710807224,114.50943756103516,12838979
2024-12-16 00:00:00+08:00,115.95283532249553,116.43396741926938,106.81132548379257,107.2924575805664,32978130
2024-12-17 00:00:00+08:00,106.81132381909514,107.77358799764555,103.92453128344393,105.36792755126953,35195619
2024-12-18 00:00:00+08:00,106.81132130808645,111.62264208772999,104.88679299622903,111.14151000976562,28674755
2024-12-19 00:00:00+08:00,108.25471795838455,113.06603875653497,107.7735858785695,111.62264251708984,19366551
2024-12-20 00:00:00+08:00,112.10377502441406,114.02830335101345,110.17924669781468,112.10377502441406,22960817
2024-12-23 00:00:00+08:00,112.5849062436587,113.5471703995874,110.17924585383692,111.14151000976562,19376881
2024-12-24 00:00:00+08:00,112.58491275185033,114.02830906918174,109.6981201171875,109.6981201171875,12351488
2024-12-25 00:00:00+08:00,111.14151128133138,113.06603961520725,110.17924711439345,112.58490753173828,10509825
2024-12-26 00:00:00+08:00,112.5849062436587,113.06603832162304,111.14151000976562,111.14151000976562,7924633
2024-12-27 00:00:00+08:00,111.62264208772999,112.5849062436587,110.66037793180128,111.14151000976562,4404897
2024-12-30 00:00:00+08:00,111.62264515269887,111.62264515269887,105.84906005859375,105.84906005859375,20748376
2024-12-31 00:00:00+08:00,105.84906129024489,108.25472177411409,104.88679709669721,107.2924575805664,16998466
2025-01-02 00:00:00+08:00,107.29245879586819,109.69811930698631,107.29245879586819,108.73585510253906,9454164
2025-01-03 00:00:00+08:00,109.21698760986328,110.6603839218879,108.25472340184686,109.21698760986328,9542674
2025-01-06 00:00:00+08:00,110.17924669781468,112.58490710606391,109.69811461616484,112.10377502441406,10546702
2025-01-07 00:00:00+08:00,114.50943797602315,118.83962680704923,113.54717379135069,114.99057006835938,31469524
2025-01-08 00:00:00+08:00,114.02830547044258,115.47170174222033,113.54717337985,114.50943756103516,12092032
2025-01-09 00:00:00+08:00,115.47170132021361,117.3962296755505,113.06604087604249,114.02830505371094,14249147
2025-01-10 00:00:00+08:00,113.54717337985,116.4339659234055,113.06604128925741,114.50943756103516,8315342
2025-01-13 00:00:00+08:00,113.54717527117047,114.02830736977714,107.77359008789062,107.77359008789062,18134343
2025-01-14 00:00:00+08:00,107.2924575805664,108.73585387088792,106.33019338701872,107.2924575805664,15042393
2025-01-15 00:00:00+08:00,107.29245417395303,108.73585041844566,102.48113335897756,103.44339752197266,18039936
2025-01-16 00:00:00+08:00,106.33019130601795,107.77358756809059,104.40566295658776,104.88679504394531,16231781
2025-01-17 00:00:00+08:00,105.84906088339316,107.77358926309122,104.40566459861962,106.81132507324219,11290019
2025-01-20 00:00:00+08:00,106.81132748252467,110.66038432874178,106.33019537674754,109.6981201171875,10434926
2025-01-21 00:00:00+08:00,109.6981201171875,110.66038432874178,109.21698801141036,109.6981201171875,6081558
2025-01-22 00:00:00+08:00,110.6603839218879,111.14151602589611,107.77359129783865,109.21698760986328,8458068
2025-02-03 00:00:00+08:00,99.59434427400915,101.03774056783537,98.632080078125,98.632080078125,26849287
2025-02-04 00:00:00+08:00,98.63208103677017,98.63208103677017,94.30189211320466,94.39811706542969,38730130
2025-02-05 00:00:00+08:00,95.64906173735844,99.11321134520281,95.45660449489905,97.66981506347656,23650584
2025-02-06 00:00:00+08:00,98.63207588733083,102.9622645848234,98.63207588733083,102.48113250732422,23056621
2025-02-07 00:00:00+08:00,102.00000210951,104.4056625366211,101.51887002408779,104.4056625366211,10432901
2025-02-10 00:00:00+08:00,102.96226544047511,105.36792584796284,102.00000127748001,103.44339752197266,11296025
2025-02-11 00:00:00+08:00,103.92453002929688,104.88679419623482,103.44339794582791,103.92453002929688,10049773
2025-02-12 00:00:00+08:00,103.92453002929688,104.40566211276584,102.48113377888997,103.92453002929688,8364954
2025-02-13 00:00:00+08:00,103.92453128344393,106.81132381909514,103.44339919416872,105.36792755126953,12729765
2025-02-14 00:00:00+08:00,107.29245798928397,109.69811848231724,106.33019379207066,107.77359008789062,17683354
2025-02-17 00:00:00+08:00,106.81132748252467,110.17925222296464,106.81132748252467,109.6981201171875,12533978
2025-02-18 00:00:00+08:00,108.73584919805111,111.14150957853897,108.25471712195355,110.6603775024414,9733487
2025-02-19 00:00:00+08:00,110.17924542634383,111.62264165463654,109.69811335024626,110.6603775024414,9501163
2025-02-20 00:00:00+08:00,110.66038267953056,111.62264687674386,107.77359008789062,107.77359008789062,15861352
2025-02-21 00:00:00+08:00,108.2547175419795,112.10377416569433,107.2924533860508,111.14151000976562,15987738
2025-02-24 00:00:00+08:00,110.17925222296464,111.62264854029605,109.21698801141036,109.6981201171875,14008291
2025-02-25 00:00:00+08:00,108.25472135801573,108.25472135801573,106.33019297831767,106.81132507324219,16017448
2025-02-26 00:00:00+08:00,106.33019297831767,107.77358926309122,105.84906088339316,106.81132507324219,9303007
2025-02-27 00:00:00+08:00,107.29245417395303,108.25471833694813,102.96226544047511,103.44339752197266,16221569
2025-03-03 00:00:00+08:00,99.11321217606708,101.51887266577744,97.18868378429879,98.632080078125,19125374
2025-03-04 00:00:00+08:00,96.22642076932468,100.07547760009766,96.22642076932468,100.07547760009766,13196318
2025-03-05 00:00:00+08:00,100.07547760009766,101.51887391163753,99.59434549625104,100.07547760009766,9124302
2025-03-06 00:00:00+08:00,100.55660846989329,101.03774056783537,98.632080078125,98.632080078125,13241002
2025-03-07 00:00:00+08:00,97.18868337893018,99.59434385860668,97.18868337893018,98.15094757080078,8499590
2025-03-10 00:00:00+08:00,99.11321339240442,101.03774180779091,97.66981708086455,100.07547760009766,11200579
2025-03-11 00:00:00+08:00,98.15094757080078,98.63207966673608,95.55283718934743,98.15094757080078,14391906
2025-03-12 00:00:00+08:00,98.63207966673608,99.59434385860668,98.15094757080078,98.15094757080078,4513705
2025-03-13 00:00:00+08:00,99.11321049780395,100.07547467739428,96.22641795903296,96.70755004882812,6086321
2025-03-14 00:00:00+08:00,97.18868289097894,97.66981498449863,95.16792956649483,95.93773651123047,12579967
2025-03-17 00:00:00+08:00,96.70754920537748,97.66981337657526,95.74528503417969,95.74528503417969,9010050
2025-03-18 00:00:00+08:00,96.22641870393954,96.70755079745923,94.78302242338044,95.93773651123047,12412359
2025-03-19 00:00:00+08:00,95.7452872401092,96.70755143347715,94.68679809570312,94.68679809570312,8886291
2025-03-20 00:00:00+08:00,95.4566040888514,98.15094673987663,94.97547199698927,97.18868255615234,18064067
2025-03-21 00:00:00+08:00,97.18868213862329,97.18868213862329,94.59057179032663,96.70755004882812,14997118
2025-03-24 00:00:00+08:00,96.70755303880104,97.18868514347169,94.8792495727539,94.8792495727539,8086390
2025-03-25 00:00:00+08:00,96.03396711233285,96.70754909480394,91.89622824431618,94.0132064819336,12667686
2025-03-26 00:00:00+08:00,94.30188751220703,95.74528374963877,93.62830553800272,94.30188751220703,7690871
2025-03-27 00:00:00+08:00,93.53207533056268,93.53207533056268,91.51132202148438,91.51132202148438,11553507
2025-03-28 00:00:00+08:00,91.22264651592877,91.70377860231766,88.81698608398438,88.81698608398438,13916927
2025-03-31 00:00:00+08:00,84.87169604523964,87.56603863205386,84.10188912150197,84.39056396484375,21784158
2025-04-01 00:00:00+08:00,85.64151013944819,87.5660384571886,84.48679608540111,87.37358856201172,13675349
2025-04-02 00:00:00+08:00,87.95094500738175,89.00943410684019,87.08490580182743,88.62452697753906,6228186
2025-04-07 00:00:00+08:00,79.7717056274414,79.7717056274414,79.7717056274414,79.7717056274414,1198808
2025-04-08 00:00:00+08:00,71.88113403320312,73.13208045120261,71.88113403320312,71.88113403320312,17606171
2025-04-09 00:00:00+08:00,75.44151043071157,75.44151043071157,67.35849014501163,69.09056854248047,25795228
2025-04-10 00:00:00+08:00,75.92264556884766,75.92264556884766,75.92264556884766,75.92264556884766,3086085
2025-04-11 00:00:00+08:00,74.67169947120156,79.86792755126953,71.0150999641116,79.86792755126953,17595001
2025-04-14 00:00:00+08:00,83.23584774127828,85.16037601275292,81.69622659239711,81.98490142822266,16891622
2025-04-15 00:00:00+08:00,82.27358633017387,83.81320753004228,81.11887226564582,83.1396255493164,8060818
2025-04-16 00:00:00+08:00,81.79245676313127,83.13962810752855,80.83019256591797,80.83019256591797,6885676
2025-04-17 00:00:00+08:00,79.86792789185347,80.7339671324734,78.32830665380311,78.61698150634766,9348026
2025-04-18 00:00:00+08:00,79.38679388712292,81.40754717231474,79.38679388712292,79.67547607421875,7066582
2025-04-21 00:00:00+08:00,79.77170358903305,80.2528356886756,77.36604309082031,77.36604309082031,4249568
2025-04-22 00:00:00+08:00,76.50000606118331,79.38679874273741,76.30755615234375,76.30755615234375,7116790
2025-04-23 00:00:00+08:00,78.9056649173467,81.31132543311946,78.23208290952763,80.06037902832031,10042048
2025-04-24 00:00:00+08:00,80.54150870139284,80.73396594174385,78.9056625366211,78.9056625366211,8509211
2025-04-25 00:00:00+08:00,80.83019297221708,82.46603917910514,80.15661096737924,81.31132507324219,14750297
2025-04-28 00:00:00+08:00,82.46603451887495,85.35282696189032,82.1773596794691,84.67924499511719,12970184
2025-04-29 00:00:00+08:00,83.81320994335972,84.87169908990407,83.0434029920062,84.29434204101562,11512477
2025-04-30 00:00:00+08:00,84.967932443807,84.967932443807,83.3320788864506,83.5245361328125,7100610
2025-05-02 00:00:00+08:00,84.67925065190684,84.67925065190684,83.52453653415998,84.00566864013672,7518807
2025-05-05 00:00:00+08:00,84.29433815434294,84.8716951766104,81.31132075471699,83.42829895019531,7720071
2025-05-06 00:00:00+08:00,83.2358494849896,85.06415284949027,83.04339959040759,83.90943145751953,5907474
2025-05-07 00:00:00+08:00,83.90943448445361,84.58302382277537,82.94717029384523,83.8132095336914,4563581
2025-05-08 00:00:00+08:00,84.67924471559789,86.79622289689071,84.67924471559789,85.93019104003906,8591651
2025-05-09 00:00:00+08:00,86.50754849399875,87.08490551530441,84.77547008858893,86.41132354736328,7075202
2025-05-12 00:00:00+08:00,87.85472314035576,93.14717616467857,87.66226589821179,90.26038360595703,24381040
2025-05-13 00:00:00+08:00,91.51131898751612,91.60754393399759,88.04716952373337,88.14339447021484,22560781
2025-05-14 00:00:00+08:00,89.49056870190066,96.70755004882812,89.39434375224023,96.70755004882812,39133195
2025-05-15 00:00:00+08:00,96.03396754148858,96.03396754148858,93.14717501829544,94.49433898925781,26898617
2025-05-16 00:00:00+08:00,94.30188592698154,95.64905719423697,93.82075385592552,94.10943603515625,10278245
2025-05-19 00:00:00+08:00,93.82075794684052,94.39811498898399,91.9924545288086,91.9924545288086,11252925
2025-05-20 00:00:00+08:00,92.95471565813811,93.82075486363952,91.99245150569054,92.08867645263672,12831964
2025-05-21 00:00:00+08:00,92.47358258867008,94.20566098106889,91.99245051761405,94.10943603515625,11367239
2025-05-22 00:00:00+08:00,93.1471771966069,93.91698414923172,92.95471995233079,93.43585205078125,10870675
2025-05-23 00:00:00+08:00,93.14717864990234,94.10944286181665,92.95472140262349,93.14717864990234,8292142
2025-05-26 00:00:00+08:00,92.66604573702142,93.33962774289864,91.89623143759609,92.1849136352539,5461408
2025-05-27 00:00:00+08:00,92.37736313082802,93.14717742684887,91.51132388317787,91.70378112792969,6010917
2025-05-28 00:00:00+08:00,92.85849523046774,93.53207723336608,90.5490596838984,91.70378112792969,9908635
2025-05-29 00:00:00+08:00,92.56980824139396,95.64905792455964,92.18490845480449,93.3396224975586,20494730
2025-06-02 00:00:00+08:00,92.37736222550676,93.14717651398324,88.52830546611064,89.00943756103516,15898811
2025-06-03 00:00:00+08:00,89.0094341014016,92.47358358191433,89.0094341014016,92.08867645263672,10860802
2025-06-04 00:00:00+08:00,93.14717189304419,95.4565999609189,93.14717189304419,94.10943603515625,15839669
2025-06-05 00:00:00+08:00,93.91698008823616,96.70754760688259,93.72453019377484,95.5528335571289,16820936
2025-06-06 00:00:00+08:00,94.7830204433865,96.70754877726237,94.39811330831273,95.26415252685547,9931674
2025-06-09 00:00:00+08:00,95.64906214023586,98.15094757080078,95.64906214023586,98.15094757080078,14548495
2025-06-10 00:00:00+08:00,98.15094878708106,100.0754771946709,97.18868458328615,99.59434509277344,18117795
2025-06-11 00:00:00+08:00,98.63207754777305,99.59434171897084,95.74528503417969,95.74528503417969,17857550
2025-06-12 00:00:00+08:00,95.36037831533176,96.70754962921143,95.07170346760307,96.2264175415039,9890455
2025-06-13 00:00:00+08:00,95.45660449489905,98.15094715738532,95.2641545939328,97.66981506347656,11891360
2025-06-16 00:00:00+08:00,96.70755168635671,98.632080078125,96.22641958841463,98.632080078125,8348182
2025-06-17 00:00:00+08:00,99.11321258544922,100.55660888523731,98.15094838559048,99.11321258544922,16745187
2025-06-18 00:00:00+08:00,98.632080078125,100.55660846989329,98.15094798018293,98.632080078125,10799404
2025-06-19 00:00:00+08:00,98.63207840800878,99.11321049780395,96.13019300937255,96.70755004882812,9346495
2025-06-20 00:00:00+08:00,97.18868171691895,97.66981380462646,95.5528355553106,96.2264175415039,9363035
2025-06-23 00:00:00+08:00,95.4566040888514,97.18868255615234,94.49433990512712,97.18868255615234,7461352
2025-06-24 00:00:00+08:00,98.63208168431332,102.0000064247533,98.15094957853618,100.55661010742188,17512940
2025-06-25 00:00:00+08:00,101.51887431897616,101.51887431897616,100.07547800164474,100.55661010742188,9837698
2025-06-26 00:00:00+08:00,101.03774056783537,101.51887266577744,97.66981588224085,98.632080078125,17750166
2025-06-27 00:00:00+08:00,99.11321418398903,101.0377426147461,98.15094996861049,101.0377426147461,11426668
2025-06-30 00:00:00+08:00,101.51887224234787,102.00000433828316,98.15094757080078,98.15094757080078,16391342
2025-07-01 00:00:00+08:00,99.11321258544922,101.03774098516668,98.63208048551985,99.11321258544922,13507186
2025-07-02 00:00:00+08:00,99.59434509277344,101.51887350036326,99.11321299087598,99.59434509277344,15612562
2025-07-03 00:00:00+08:00,100.55660503298736,103.9245296034702,100.55660503298736,103.44339752197266,24373089
2025-07-04 00:00:00+08:00,104.40566125317154,104.88679333267925,101.51886877612533,102.96226501464844,25611933
2025-07-07 00:00:00+08:00,103.44339794582791,104.40566211276584,101.03773752848308,103.92453002929688,23296474
2025-07-08 00:00:00+08:00,102.48113811933078,102.48113811933078,98.63208128855779,100.07547760009766,16612543
2025-07-09 00:00:00+08:00,101.0377358490566,102.0,99.59433962264151,102.0,13657796
2025-07-10 00:00:00+08:00,102.5,103.5,100.5,101.5,12678240
2025-07-11 00:00:00+08:00,101.5,104.0,101.5,103.0,9486595
2025-07-14 00:00:00+08:00,103.0,103.0,99.4000015258789,99.5,13112936
2025-07-15 00:00:00+08:00,99.9000015258789,103.5,99.9000015258789,103.5,18350535
2025-07-16 00:00:00+08:00,104.5,111.0,104.0,109.5,45755741
2025-07-17 00:00:00+08:00,116.0,117.0,109.5,111.5,58373595
2025-07-18 00:00:00+08:00,114.0,114.0,109.0,109.5,32970992
2025-07-21 00:00:00+08:00,110.0,116.0,109.0,114.5,37719982
2025-07-22 00:00:00+08:00,114.5,116.5,110.0,111.0,33599677
2025-07-23 00:00:00+08:00,112.0,114.0,111.0,111.5,18184894
2025-07-24 00:00:00+08:00,112.0,115.0,111.0,114.5,17461558
2025-07-25 00:00:00+08:00,114.5,114.5,112.0,112.0,10098722
2025-07-28 00:00:00+08:00,113.0,116.5,112.5,115.0,27563158
2025-07-29 00:00:00+08:00,116.5,117.5,112.0,115.0,30287805
2025-07-30 00:00:00+08:00,115.5,115.5,113.5,114.5,18372547
2025-07-31 00:00:00+08:00,115.0,119.5,114.5,118.0,29857256
2025-08-04 00:00:00+08:00,119.5,121.0,116.5,117.5,18142596
2025-08-05 00:00:00+08:00,119.0,120.5,117.5,118.5,19848902
2025-08-06 00:00:00+08:00,118.0,118.0,116.0,116.0,11627383
2025-08-07 00:00:00+08:00,117.5,123.5,117.5,121.5,46790596
2025-08-08 00:00:00+08:00,125.0,133.5,124.5,133.5,97593316
2025-08-11 00:00:00+08:00,138.5,144.0,137.0,140.0,116696953
2025-08-12 00:00:00+08:00,142.0,142.5,139.0,141.0,40302664
2025-08-13 00:00:00+08:00,142.0,142.5,137.0,140.0,45087097
2025-08-14 00:00:00+08:00,141.0,143.5,137.0,139.5,37906815
2025-08-15 00:00:00+08:00,140.0,141.0,138.0,138.5,20036347
2025-08-18 00:00:00+08:00,139.0,141.0,137.5,141.0,24638535
2025-08-19 00:00:00+08:00,143.5,143.5,137.0,137.0,37923070
2025-08-20 00:00:00+08:00,132.0,134.5,127.0,127.5,42447963
2025-08-21 00:00:00+08:00,130.0,136.0,129.5,133.0,24486226
2025-08-22 00:00:00+08:00,132.5,133.5,130.5,131.5,16300452
2025-08-25 00:00:00+08:00,135.5,137.5,134.0,135.5,24588067
2025-08-26 00:00:00+08:00,135.5,141.5,135.0,139.5,31804983
2025-08-27 00:00:00+08:00,141.0,142.5,139.0,139.0,27799971
2025-08-28 00:00:00+08:00,140.0,144.5,138.5,142.0,38238641
2025-08-29 00:00:00+08:00,153.0,156.0,153.0,156.0,19938843
2025-09-01 00:00:00+08:00,162.0,166.5,156.5,158.5,141085944
2025-09-02 00:00:00+08:00,161.0,164.0,149.0,152.0,87496779
2025-09-03 00:00:00+08:00,152.5,155.0,149.5,153.5,30737345
2025-09-04 00:00:00+08:00,156.5,158.0,150.5,151.0,28885147
2025-09-05 00:00:00+08:00,152.5,161.5,152.5,160.0,56690045
2025-09-08 00:00:00+08:00,167.0,171.0,162.0,169.0,84871423
2025-09-09 00:00:00+08:00,168.0,170.5,166.0,170.5,45797076
2025-09-10 00:00:00+08:00,172.5,174.0,168.5,172.5,43904790
2025-09-11 00:00:00+08:00,173.5,174.0,165.0,166.0,37051315
2025-09-12 00:00:00+08:00,169.0,170.0,164.0,166.0,23993980
2025-09-15 00:00:00+08:00,166.0,167.0,163.0,166.5,21557188
2025-09-16 00:00:00+08:00,167.0,168.0,164.5,166.0,18909518
2025-09-17 00:00:00+08:00,166.0,170.0,164.0,165.0,24615332
2025-09-18 00:00:00+08:00,166.5,171.5,165.5,167.5,30399439
2025-09-19 00:00:00+08:00,168.5,170.5,166.0,169.5,21441308
2025-09-22 00:00:00+08:00,175.0,179.5,168.0,171.0,32465135
2025-09-23 00:00:00+08:00,173.0,173.5,166.0,167.0,22028867
2025-09-24 00:00:00+08:00,167.5,167.5,164.0,166.0,14534601
2025-09-25 00:00:00+08:00,166.0,169.5,164.5,166.0,15637129
2025-09-26 00:00:00+08:00,165.0,166.0,155.5,155.5,36037332
2025-09-30 00:00:00+08:00,156.0,164.0,156.0,164.0,19601642
2025-10-01 00:00:00+08:00,164.0,166.0,162.0,165.0,14931382
2025-10-02 00:00:00+08:00,167.5,171.0,166.0,167.5,24771149
2025-10-03 00:00:00+08:00,167.5,170.5,166.5,169.0,12793739
2025-10-07 00:00:00+08:00,172.0,176.0,171.0,172.5,23307387
2025-10-08 00:00:00+08:00,172.5,176.0,171.5,174.0,22763395
2025-10-09 00:00:00+08:00,176.5,179.0,174.5,176.0,17196937
2025-10-13 00:00:00+08:00,167.0,172.5,166.5,170.0,19147515
2025-10-14 00:00:00+08:00,172.0,173.5,161.5,161.5,27632394
2025-10-15 00:00:00+08:00,163.5,167.5,160.0,166.0,16055047
2025-10-16 00:00:00+08:00,168.5,182.0,168.5,180.5,48638048
2025-10-17 00:00:00+08:00,177.0,183.0,171.5,175.0,44102428
2025-10-20 00:00:00+08:00,176.5,179.5,174.0,178.0,16531593
2025-10-21 00:00:00+08:00,181.0,187.5,179.0,184.0,33282963
2025-10-22 00:00:00+08:00,182.5,182.5,175.5,176.5,29914286
2025-10-23 00:00:00+08:00,173.5,177.0,173.0,175.0,17232248
2025-10-27 00:00:00+08:00,179.5,191.0,179.0,188.0,42172100
2025-10-28 00:00:00+08:00,187.0,191.0,182.0,188.5,27499966
2025-10-29 00:00:00+08:00,199.0,207.0,197.0,207.0,58252857
2025-10-30 00:00:00+08:00,207.0,207.5,198.0,203.0,47353139
2025-10-31 00:00:00+08:00,204.5,219.0,204.0,217.0,60487223
2025-11-03 00:00:00+08:00,223.0,226.5,220.0,224.0,40990379
2025-11-04 00:00:00+08:00,230.0,231.0,214.0,214.0,34370795
2025-11-05 00:00:00+08:00,206.0,222.0,205.5,220.5,34970840
2025-11-06 00:00:00+08:00,226.0,228.0,216.0,217.5,29780958
2025-11-07 00:00:00+08:00,213.5,221.0,212.0,213.5,20635061
2025-11-10 00:00:00+08:00,214.0,220.0,208.0,217.0,24523369
2025-11-11 00:00:00+08:00,221.0,223.0,213.0,213.0,20998562
2025-11-12 00:00:00+08:00,214.0,214.5,208.0,210.5,14409547
2025-11-13 00:00:00+08:00,212.0,217.5,210.5,215.5,18580142
2025-11-14 00:00:00+08:00,210.5,213.5,206.5,208.5,18157317
2025-11-17 00:00:00+08:00,209.5,219.5,209.0,213.5,29943994
2025-11-18 00:00:00+08:00,209.5,212.5,198.0,198.0,41900084
2025-11-19 00:00:00+08:00,200.0,202.0,196.5,196.5,34567089
2025-11-20 00:00:00+08:00,207.0,215.0,205.5,211.5,42329407
2025-11-21 00:00:00+08:00,200.5,208.0,196.5,204.5,42057970
